word,
" RS Technologies Co., Ltd.",종협
(주)LG화학,종협
(주)네패스,종협
(주)동광에스디,종협
(주)동진쎄미켐,종협
(주)디엔에프,종협
(주)린데코리아,종협
(주)에이스,종협
(주)에이스나노켐,종협
(주)엘에스니꼬동제련,종협
(주)엠에스머트리얼즈,종협
(주)원익머트리얼즈,종협
(주)이엔에프테크놀로지,종협
(주)케이씨텍,종협
Air Liquide Electronics U.S. LP,종협
CABOT MICROELECTRONICS(JPN),종협
CMC Materials Singapore Pte Ltd,종협
"FUJIFILM ELECTRONIC MATERIALS CO.,",종협
"GlobalWafers Co., Ltd",종협
"GRIKIN ADVANCED MATERIALS CO., LTD.",종협
Gritek,종협
ITOCHU PLASTICS INC.,종협
JSR CORPORATION,종협
JX Nippon Mining & Metals Corporati,종협
"KANTO CHEMICAL CO., INC.",종협
"KFMI Co., Ltd.",종협
KINIK Company,종협
"MARUZEN CHEMICALS CO., LTD.",종협
"Materion Advanced Chemicals, Inc.",종협
MITSUBISH CHEMICAL CORPORATION,종협
"NISSAN CHEMICAL INDUSTRIES, LTD.",종협
OCI머티리얼즈(주),종협
OKMETIC,종협
Poshing,종협
ROHM AND HAAS ELECTRONIC MATERIAL,종협
"ShinEtsu Chemical Co.,Ltd.",종협
"Shin-Etsu Handotai Co.,Ltd.",종협
SOITEC,종협
"SUMITOMO BAKELITE CO.,LTD.",종협
SUMITOMO CORPORATION,종협
Tianjin Huan Ou,종협
"TOK(TOKYO OHKA KOGYO CO., LTD.)",종협
"ULVAC, Inc.",종협
"UTSU CO., LTD.",종협
WaferWorks Corporation,종협
금호석유화학(주),종협
대성,종협
도레이인터내셔날코리아㈜,종협
도요잉크코리아 주식회사,종협
동우화인켐(주),종협
램테크놀러지㈜,종협
롬앤드하스전자재료코리아 유한회사,종협
린데코리아㈜,종협
머크퍼포먼스머티리얼즈,종협
버슘머트리얼즈에스피씨코리아(유한),종협
버슘머트리얼즈코리아(주),종협
삼영순화㈜,종협
삼영순화㈜ 온산공장,종협
서우인터내셔널,종협
솔브레인,종협
썬시스템즈(주),종협
알앤디랩솔루션스 ,종협
에스케이머티리얼즈,종협
에스케이실트론 주식회사,종협
에어리퀴드코리아㈜,종협
에어프로덕츠코리아(주),종협
에이치케이머트리얼,종협
엠이엠씨코리아(주),종협
유피케미칼,종협
인테그리스코리아㈜,종협
재원산업㈜,종협
정남교역,종협
제신(주),종협
제이텍,종협
솔머티리얼즈,종협
㈜밸류엔지니어링,종협
주식회사 솔바인,종협
㈜제이티,종협
지엔에스(금호),종협
지오엘리먼트,종협
켐가스코리아(주),종협
토소에스엠디코리아(주),종협
트라이스텍,종협
티오케이첨단재료 주식회사,종협
티이엠씨 주식회사,종협
하나머트리얼즈,진웅
하니웰스페셜티머터리얼스코리아(주),진웅
한국노블가스㈜,진웅
한국메티슨특수가스(주),진웅
한국바스프㈜,진웅
한국소화화학품(주),진웅
한국피셔과학（주）,진웅
한국후지필름일렉트로닉머티리얼즈(주),진웅
효성,진웅
후성,진웅
웨이퍼,진웅
과산화수소,진웅
다이보레인,진웅
리드프레임,진웅
마그네슘,진웅
불화수소,진웅
비화수소,진웅
사플루오린화탄소,진웅
산화텅스텐,진웅
삼불화붕소,진웅
삼불화질소,진웅
삼염화붕소,진웅
시너,진웅
실레인,진웅
아산화질소,진웅
알루미늄,진웅
암모니아수,진웅
에칭가스,진웅
염산,진웅
옥타플루오로사이클로뷰테인,진웅
옥타플루오로프로페인,진웅
육불화 텅스텐,진웅
인산,진웅
코발트,진웅
"크립톤, 네온",진웅
탄산가스,진웅
탄화규소,진웅
티타늄,진웅
포스핀,진웅
포토 레지스트,진웅
포토 마스크,진웅
플루오린폴리이미드,진웅
플루오린화수소,진웅
헥사플로오로에탄,진웅
황산,진웅
나프타,진웅
희귀가스,진웅
TSMC,진웅
삼성전자,진웅
UMC,진웅
GlobalFoundries,진웅
SMIC,진웅
HunHong Group,진웅
PSMC,진웅
VIS,진웅
Nexchip,진웅
Tower,진웅
TSMC,진웅
삼성전자,진웅
엔비디아,진웅
인텔,진웅
브로드컴,진웅
텍사스인스트루먼트,진웅
퀄컴,진웅
마이크론테크놀로지,진웅
SK하이닉스,진웅
미디어텍,진웅
하이실리콘,진웅
노바텍,진웅
실리콘웍스,진웅
AMD,진웅
도시바,진웅
Toppan(일),진웅
Photronic (미),진웅
DNP (일),진웅
Hoya (일),진웅
S&S Tech (한),진웅
JSR (일),진웅
Dow (미),진웅
Fuji (일),진웅
에어리퀴드 (프),진웅
린데 (독),진웅
프렉스에어 (영),진웅
Tosoh (일),진웅
Cabot (미),진웅
신에츠 (일),진웅
섬코(일),석민
실트로닉스(일),석민
MEMC(미),석민
GW(대만),석민
SK실트론(한),석민
선에디슨,석민
티씨케이,석민
예스파워테크닉스,석민
하나머티리얼즈,석민
SKC솔믹스,석민
월덱스(WCQ),석민
MMC,석민
sifex,석민
한화큐셀,석민
웅진에너지,석민
썬텍,석민
원익 QNC,석민
윌덱스(WCQ),석민
글로벌웨이퍼(대),석민
원익 IPS,석민
AP시스템,석민
ASML,석민
동진세미켐,석민
솔브레인,석민
이엔에프테크놀로지,석민
테스,석민
제우스,석민
주성엔지니어링,석민
유진테크,석민
테라세미콘,석민
한미반도체,석민
이오테크닉스,석민
유니테스트,석민
엑시콘,석민
마이크로컨택솔,석민
STS반도체,석민
시그네틱스,석민
네패스,석민
에이티세미콘,석민
고영,석민
에스에프에이,석민
엘오티베큠,석민
JSR,석민
신에쓰화학공업,석민
도쿄오카공업,석민
스미토모화학,석민
모리타화학공업,석민
스텔라케미파,석민
쇼와덴코,석민
한국 반도체 산업 협회 (KSIA),석민
반도체장비재료협회 (SEMI),석민
국제반도체장비재료협회(SEMI),석민
반도체,석민
파운드리,석민
팹리스,석민
반도체 원자재,석민
반도체 소재,석민
반도체 재료,석민
반도체 설비,석민
반도체 공급망,석민
반도체 원자재 공급망,석민
반도체 산업,석민
반도체 경기,석민
IP 기업,석민
반도체 원자재 수입,석민
반도체 소재 수입,석민
반도체 원자재 가격,석민
반도체 소재 가격,석민
메모리 반도체,석민
RAM,석민
DRAM,석민
플래시메모리,석민
비메모리 반도체,석민
시스템 반도체,석민
광 반도체,석민
자동차용 반도체,석민
반도체 소자,석민
반도체 회로설계,석민
반도체 공정,석민
반도체 장비,석민
반도체 재료,석민
반도체 설비,석민
D램,석민
메모리 반도체,석민
IDM,석민
IP기업,석민
팹리스,상민
디자인하우스,상민
파운드리,상민
OSAT,상민
반도체 산업,상민
반도체 핵심 소재,상민
소재,상민
원자재,상민
반도체,상민
공급망,상민
wafer 제조 공정,상민
산화 공정,상민
포토 공정,상민
식각 공정,상민
박막 공정,상민
증착 공정,상민
금속배선 공정,상민
EDS,상민
패키징,상민
전공정,상민
후공정,상민
웨이퍼,상민
불화수소,상민
무수불산,상민
실리콘,상민
이온,상민
알루미늄,상민
구리,상민
티타늄,상민
텅스텐,상민
8인치 웨이퍼,상민
탄화규소,상민
실리콘 웨이퍼 (silicon Wafer),상민
리드프레임 (Leadframe),상민
황산구리,상민
CMP 패드,상민
백그라인드 테이프,상민
층간절연재,상민
다이본드 필름,상민
인쇄회로기판 (PCB),상민
포토레지스트 (Photo Resist),상민
암모니아,상민
플루오린폴리이미드,상민
황산,상민
블랭크마스크,상민
과산화수소수,상민
이소프로필알코올,상민
디클로로실란(DCS),상민
본딩와이어(Bonding Wire),상민
갈륨,상민
마그네슘,상민
포토마스크,상민
다이오드,상민
연마제,상민
다이본드 페이스트,상민
불산,상민
에칭가스,상민
벌크가스,상민
인산,상민
이산화규소,상민
삼불화질소,상민
육불화에탄,상민
실리콘카바이드,상민
전구체,상민
타겟,상민
슬러리,상민
스트리퍼,상민
컨디셔너,상민
PAD,상민
메모리 기판,상민
과불화화합물(PFAS),상민
탄산가스,상민
에피텍시,상민
망간,상민
희토류,상민
키옥시아,상민
황인,상민
나프타,상민
인광석,상민
석유,상민
석탄,상민
금,상민
제논,상민
크립톤,상민
네온,상민
